cluster_id,direcciones,conexiones,reportadas
1,2,1,0
2,2,1,0
3,2,2,0
4,2,1,0
5,3,2,0
6,2,1,0
7,3,2,0
8,2,1,0
9,3,2,0
10,2,1,0
11,3,2,0
12,2,1,0
13,2,1,0
14,2,1,0
15,3,2,0
16,2,1,0
17,2,1,0
18,2,2,0
19,17,17,0
20,2,1,0
21,2,2,0
22,2,1,0
23,3,3,0
24,8,1,0
25,2,1,0
26,3,2,0
27,3,2,0
28,3,2,0
29,3,2,0
30,3,2,0
31,3,2,0
32,3,2,0
33,4,2,0
34,3,2,0
35,3,2,0
36,6,1,0
37,2,2,0
38,4,2,0
39,4,2,0
40,3,2,0
41,2,1,0
42,3,1,0
43,8,1,0
44,3,2,0
45,3,2,0
46,3,2,0
47,3,2,0
48,3,2,0
49,3,2,0
50,3,2,0
51,2,2,0
52,26,26,0
53,3,2,0
54,2,1,0
55,2,1,0
56,3,2,0
57,3,2,0
58,3,2,0
59,3,2,0
60,4,2,0
61,2,2,0
62,3,2,0
63,2,2,0
64,2,2,0
65,2,2,0
66,2,2,0
67,2,2,0
68,3,2,0
69,4,2,0
70,3,2,0
71,2,2,0
72,3,2,0
73,2,2,0
74,2,2,0
75,2,2,0
76,3,2,0
77,3,2,0
78,3,2,0
79,3,2,0
80,3,1,0
81,3,1,0
82,4,2,0
83,5,1,0
84,2,1,0
85,375,664,0
86,2,1,0
87,3,2,0
88,5,2,0
89,3,2,0
90,4,2,0
91,3,1,0
92,2,1,0
93,2,1,0
94,2,1,0
95,2,2,0
96,3,2,0
97,3,2,0
98,3,2,0
99,3,2,0
100,3,2,0
101,3,2,0
102,3,2,0
103,3,2,0
104,3,2,0
105,3,2,0
106,3,2,0
107,3,2,0
108,3,2,0
109,4,2,0
110,15,16,0
111,44,1,0
112,22,1,0
113,13,16,0
114,15,16,0
115,8,1,0
116,16,16,0
117,5,2,0
118,3,2,0
119,16,16,0
120,14,16,0
121,16,16,0
122,13,16,0
123,4,1,0
124,6,6,0
125,4,2,0
126,9,1,0
127,6,1,0
128,12,13,0
129,4,4,0
130,4,2,0
131,16,16,0
132,4,1,0
133,16,16,0
134,5,2,0
135,2,2,0
136,4,2,0
137,2,2,0
138,2,1,0
139,3,1,0
140,5,4,0
141,5,2,0
142,120,149,0
143,113,2,0
144,2,2,0
145,4,2,0
146,2,1,0
147,4,2,0
148,103,101,0
149,3,1,0
150,14,16,0
151,11,11,0
152,11,11,0
153,3,2,0
154,11,11,0
155,11,11,0
156,5,1,0
157,11,11,0
158,2,1,0
159,11,11,0
160,7,11,0
161,10,11,0
162,3,2,0
163,8,11,0
164,9,11,0
165,3,1,0
166,8,11,0
167,3,2,0
168,2,2,0
169,2,1,0
170,4,2,0
171,17,17,0
172,28,27,0
173,5,2,0
174,3,2,0
175,4,2,0
176,4,1,0
177,4,2,0
178,4,2,0
179,4,2,0
180,4,2,0
181,3,2,0
182,3,2,0
183,3,2,0
184,3,2,0
185,3,2,0
186,3,2,0
187,2,1,0
188,5,2,0
189,4,3,0
190,4,2,0
191,3,2,0
192,2,2,0
193,79,2,0
194,3,2,0
195,256,255,0
196,2,2,0
197,2,2,0
198,2,2,0
199,3,2,0
200,6,6,0
201,10,10,0
202,8,8,0
203,3,3,0
204,15,15,0
205,2,2,0
206,4,2,0
207,4,4,0
208,17,17,0
209,15,15,0
210,3,2,0
211,16,16,0
212,15,15,0
213,15,15,0
214,11,11,0
215,6,6,0
216,4,4,0
217,10,10,0
218,5,2,0
219,2,2,0
220,12,12,0
221,8,8,0
222,3,2,0
223,2,1,0
224,3,2,0
225,4,2,0
226,4,2,0
227,5,2,0
228,172,175,0
229,3,2,0
230,3,1,0
231,4,2,0
232,2,1,0
233,264,504,0
234,5,2,0
235,3,2,0
236,6,2,0
237,4,2,0
238,6,4,0
239,5,1,0
240,8,8,0
241,5,2,0
242,3,2,0
243,4,2,0
244,5,2,0
245,3,2,0
246,3,2,0
247,6,1,0
248,375,253,0
249,3,2,0
250,3,2,0
251,6,2,0
252,798,465,0
253,3,1,0
254,4,1,0
255,3003,3001,0
256,3,1,0
257,3,1,0
258,2814,2813,0
259,3,1,0
260,3002,3001,0
261,3002,3001,0
262,3,1,0
263,5,1,0
264,3003,3001,0
265,2916,2908,0
266,3,2,0
267,3,3,0
268,2123,2121,0
269,3,2,0
270,3,1,0
271,1220,1218,0
272,1193,1192,0
273,55,2,0
274,610,609,0
275,37,2,0
276,5,2,0
277,3,2,0
278,4,1,0
279,3,2,0
280,2,2,0
281,3,2,0
282,2,2,0
283,4,2,0
284,2,2,0
285,2,1,0
286,3,2,0
287,3,2,0
288,3,2,0
289,4,2,0
290,4,2,0
291,3,2,0
292,4,2,0
293,3,2,0
294,5,2,0
295,3,2,0
296,4,2,0
297,3,2,0
298,8,1,0
299,2,2,0
300,6,1,0
301,2,2,0
302,5,1,0
303,2,2,0
304,4,1,0
305,2,2,0
306,4,1,0
307,2,2,0
308,5,1,0
309,2,2,0
310,6,1,0
311,3,2,0
312,5,1,0
313,4,2,0
314,4,1,0
315,3,2,0
316,4,2,0
317,3,2,0
318,6,1,0
319,3,2,0
320,3,1,0
321,2,2,0
322,4,2,0
323,4,2,0
324,3,2,0
325,4,2,0
326,5,2,0
327,5,2,0
328,3,2,0
329,4,2,0
330,3,2,0
331,4,2,0
332,100,99,0
333,5,2,0
334,102,101,0
335,3,2,0
336,5,2,0
337,68,66,0
338,65,64,0
339,4,2,0
340,5,3,0
341,3,2,0
342,8,7,0
343,2,1,0
344,3,2,0
345,3,2,0
346,3,2,0
347,3,2,0
348,3,2,0
349,4,2,0
350,3,2,0
351,4,2,0
352,4,2,0
353,3,2,0
354,3,2,0
355,7,1,0
356,18,18,0
357,3,1,0
358,7,7,0
359,4,1,0
360,24,24,0
361,4,1,0
362,16,16,0
363,4,1,0
364,19,19,0
365,4,1,0
366,16,16,0
367,4,1,0
368,24,24,0
369,3,1,0
370,3,2,0
371,3,2,0
372,2,2,0
373,3,2,0
374,2,2,0
375,3,2,0
376,20,19,0
377,23,22,0
378,3,2,0
379,3,2,0
380,2,2,0
381,2,2,0
382,3,2,0
383,2,2,0
384,4,2,0
385,3,2,0
386,4,2,0
387,3,2,0
388,3,2,0
389,4,2,0
390,3,2,0
391,31,2,0
392,8,1,0
393,2,1,0
394,3,2,0
395,3,2,0
396,3,2,0
397,5,2,0
398,3,2,0
399,3,2,0
400,3,2,0
401,3,2,0
402,3,2,0
403,18,17,0
404,4,2,0
405,3,2,0
406,4,2,0
407,3,2,0
408,5,2,0
409,3,2,0
410,3,1,0
411,3,2,0
412,4,2,0
413,3,2,0
414,4,2,0
415,4,2,0
416,4,2,0
417,5,2,0
418,3,2,0
419,3,2,0
420,3,2,0
421,3,2,0
422,3,2,0
423,3,2,0
424,3,2,0
425,4,2,0
426,3,2,0
427,3,2,0
428,3,2,0
429,242,2,0
430,4,2,0
431,48,2,0
432,163,2,0
433,4,2,0
434,2,2,0
435,272,2,0
436,106,2,0
437,3,1,0
438,4,2,0
439,22,21,0
440,3,2,0
441,5,2,0
442,56,55,0
443,2,2,0
444,3,2,0
445,4,2,0
446,3,2,0
447,3,2,0
448,8,1,0
449,14,12,0
450,5,2,0
451,2,1,0
452,3,1,0
453,3,2,0
454,40,2,0
455,4,2,0
456,9,2,0
457,105,2,0
458,51,2,0
459,4,1,0
460,2,2,0
461,2,2,0
462,2,2,0
463,2,2,0
464,2,2,0
465,2,2,0
466,2,2,0
467,12,2,0
468,4,2,0
469,5,2,0
470,4,2,0
471,5,2,0
472,5,2,0
473,3,1,0
474,62,2,0
475,18,2,0
476,6,2,0
477,3,2,0
478,161,2,0
479,141,2,0
480,122,2,0
481,74,2,0
482,55,2,0
483,21,2,0
484,67,2,0
485,3,1,0
486,3,1,0
487,29,2,0
488,9,2,0
489,3,1,0
490,3,2,0
491,3,1,0
492,2,1,0
493,73,2,0
494,5,1,0
495,5,2,0
496,121,194,0
497,3,1,0
498,5,2,0
499,146,233,0
500,4,2,0
501,4,2,0
502,15,16,0
503,16,16,0
504,2,2,0
505,2,2,0
506,5,2,0
507,6,6,0
508,3,1,0
509,5,1,0
510,90,135,0
511,5,2,0
512,2,2,0
513,2,2,0
514,2,2,0
515,2,1,0
516,3,1,0
517,5,2,0
518,4,2,0
519,2,1,0
520,3,1,0
521,2,2,0
522,61,60,0
523,2,1,0
524,479,722,0
525,482,482,0
526,3,2,0
527,55,53,0
528,5,2,0
529,69,68,0
530,4,2,0
531,101,100,0
532,3,1,0
533,4,2,0
534,28,27,0
535,4,2,0
536,102,99,0
537,3,2,0
538,2,1,0
539,2,1,0
540,3,2,0
541,3,1,0
542,3,1,0
543,5,2,0
544,4,2,0
545,2,1,0
546,3,2,0
547,2,1,0
548,3,1,0
549,5,2,0
550,3,2,0
551,2,2,0
552,2,2,0
553,2,1,0
554,2,2,0
555,3,1,0
556,21,2,0
557,5,2,0
558,4,2,0
559,5,2,0
560,5,2,0
561,3,2,0
562,4,2,0
563,2,1,0
564,84,16,0
565,2,1,0
566,2,1,0
567,91,84,0
568,103,100,0
569,2,1,0
570,39,7,0
571,2,1,0
572,34,34,0
573,2,1,0
574,2,2,0
575,2,1,0
576,2,2,0
577,2,1,0
578,3,2,0
579,3,2,0
580,4,2,0
581,23,20,0
582,3,1,0
583,27,19,0
584,5,2,0
585,26,21,0
586,3,1,0
587,4,2,0
588,18,13,0
589,4,2,0
590,29,16,0
591,5,2,0
592,12,8,0
593,2,1,0
594,4,2,0
595,46,9,0
596,3,1,0
597,27,11,0
598,4,1,0
599,29,25,0
600,17,12,0
601,3,2,0
602,124,2,0
603,5,2,0
604,2,1,0
605,2,1,0
606,3,2,0
607,31,30,0
608,3,2,0
609,2016,2013,0
610,3,1,0
611,330,330,0
612,3,1,0
613,5,2,0
614,316,283,0
615,4,2,0
616,40,20,0
617,4,2,0
618,1390,871,0
619,449,412,0
620,666,487,0
621,2,1,0
622,2,1,0
623,2,1,0
624,51,51,0
625,346,346,0
626,458,458,0
627,2,1,0
628,2,1,0
629,2,1,0
630,415,415,0
631,398,398,0
632,83,83,0
633,2,1,0
634,21,20,0
635,2,1,0
636,4,2,0
637,2,1,0
638,5,2,0
639,2,1,0
640,16,15,0
641,2,1,0
642,10,9,0
643,5,2,0
644,4,2,0
645,5,2,0
646,141,2,0
647,73,2,0
648,5,2,0
649,163,2,0
650,75,2,0
651,3,1,0
652,34,2,0
653,6,1,0
654,2,1,0
655,5,1,0
656,3,2,0
657,3,2,0
658,3,2,0
659,3,2,0
660,3,2,0
661,3,2,0
662,3,2,0
663,3,2,0
664,3,2,0
665,3,2,0
666,3,2,0
667,3,1,0
668,2,2,0
669,3,2,0
670,5,2,0
671,80,2,0
672,4,2,0
673,923,752,0
674,184,122,0
675,4,2,0
676,602,488,0
677,6,1,0
678,1027,682,0
679,3,1,0
680,422,284,0
681,249,181,0
682,696,410,0
683,5,2,0
684,301,301,0
685,3,1,0
686,425,357,0
687,5,2,0
688,450,450,0
689,472,472,0
690,60,2,0
691,3,1,0
692,161,2,0
693,80,2,0
694,14,2,0
695,8,3,0
696,14,16,0
697,15,16,0
698,14,16,0
699,14,16,0
700,4,2,0
701,15,16,0
702,3,1,0
703,11,11,0
704,7,7,0
705,2,2,0
706,3,2,0
707,5,2,0
708,3,1,0
709,3,1,0
710,290,2,0
711,8,2,0
712,2,2,0
713,3,1,0
714,3,1,0
715,2,2,0
716,3,1,0
717,2,2,0
718,2,2,0
719,3,1,0
720,2,2,0
721,3,2,0
722,3,2,0
723,3,2,0
724,3,2,0
725,3,1,0
726,3,2,0
727,3,2,0
728,4,2,0
729,3,2,0
730,4,2,0
731,3,1,0
732,3,2,0
733,2,1,0
734,4,2,0
735,3,2,0
736,5,2,0
737,2,1,0
738,3,2,0
739,2,1,0
740,3,2,0
741,2,1,0
742,3,2,0
743,2,1,0
744,3,2,0
745,2,1,0
746,4,2,0
747,2,1,0
748,3,2,0
749,2,1,0
750,3,2,0
751,4,2,0
752,5,5,0
753,2,2,0
754,2,1,0
755,2,2,0
756,2,1,0
757,4,4,0
758,2,1,0
759,10,10,0
760,2,1,0
761,2,2,0
762,2,1,0
763,2,2,0
764,2,1,0
765,16,15,0
766,4,2,0
767,292,292,0
768,484,484,0
769,3,1,0
770,2,1,0
771,323,323,0
772,2,1,0
773,448,448,0
774,2,1,0
775,365,365,0
776,2,1,0
777,341,341,0
778,366,366,0
779,2,1,0
780,314,314,0
781,2,1,0
782,442,349,0
783,2,1,0
784,406,335,0
785,2,1,0
786,187,150,0
787,2,1,0
788,2,2,0
789,478,478,0
790,4,2,0
791,3,2,0
792,5,2,0
793,4,2,0
794,3,2,0
795,5,2,0
796,8,7,0
797,565,58,0
798,12,11,0
799,5,2,0
800,3,2,0
801,3,2,0
802,49,49,0
803,5,2,0
804,2,2,0
805,3,2,0
806,9,8,0
807,5,2,0
808,5,2,0
809,3,2,0
810,3,2,0
811,3,2,0
812,3,2,0
813,3,2,0
814,3,1,0
815,40,20,0
816,951,580,0
817,5,2,0
818,3,2,0
819,2,1,0
820,3,1,0
821,3,2,0
822,4,2,0
823,5,2,0
824,5,2,0
825,10,1,0
826,4,2,0
827,3,2,0
828,6,1,0
829,3,1,0
830,14,13,0
831,6,1,0
832,5,1,0
833,2,2,0
834,994,1609,0
835,76,74,0
836,6,1,0
837,829,1330,0
838,1072,1647,0
839,48,27,0
840,3,1,0
841,3,1,0
842,2,1,0
843,2,1,0
844,3,1,0
845,5,2,0
846,4,2,0
847,147,2,0
848,5,2,0
849,3,1,0
850,99,99,0
851,411,359,0
852,451,425,0
853,1465,2395,0
854,22,20,0
855,4,2,0
856,3,2,0
857,3,2,0
858,2,2,0
859,4,2,0
860,2,1,0
861,5,2,0
862,2,1,0
863,3,2,0
864,2,2,0
865,11,2,0
866,2,2,0
867,36,2,0
868,3,2,0
869,2,2,0
870,2,2,0
871,2,2,0
872,3,1,0
873,2,2,0
874,5,2,0
875,2,2,0
876,2,2,0
877,2,2,0
878,5,2,0
879,3,2,0
880,27,2,0
881,45,2,0
882,166,2,0
883,4,1,0
884,14,2,0
885,201,2,0
886,4,1,0
887,4,2,0
888,3,2,0
889,3,2,0
890,3,1,0
891,3,2,0
892,3,2,0
893,3,2,0
894,3,2,0
895,3,2,0
896,3,2,0
897,3,2,0
898,3,2,0
899,6,1,0
900,3,2,0
901,3,2,0
902,3,1,0
903,1213,1213,0
904,1145,1143,0
905,3,1,0
906,1206,1203,0
907,3,1,0
908,3,1,0
909,1839,1838,0
910,422,422,0
911,3,1,0
912,1483,1481,0
913,985,985,0
914,5,2,0
915,21,20,0
916,2,1,0
917,5,2,0
918,442,442,0
919,411,411,0
920,474,474,0
921,4,2,0
922,268,267,0
923,4,2,0
924,313,309,0
925,611,607,0
926,3,2,0
927,260,258,0
928,5,2,0
929,200,199,0
930,4,2,0
931,324,322,0
932,3,1,0
933,43,2,0
934,4,1,0
935,2,1,0
936,2,1,0
937,386,386,0
938,2,1,0
939,5,1,0
940,3,1,0
941,237,301,0
942,118,2,0
943,262,300,0
944,169,200,0
945,53,2,0
946,167,197,0
947,3,1,0
948,85,101,0
949,5,2,0
950,7,2,0
951,13,2,0
952,3,2,0
953,22,2,0
954,90,2,0
955,3,1,0
956,4,2,0
957,15,2,0
958,2,1,0
959,12,2,0
960,3,1,0
961,5,2,0
962,4,1,0
963,164,161,0
964,4,2,0
965,76,74,0
966,5,2,0
967,2,1,0
968,2,1,0
969,486,486,0
970,94,2,0
971,3,1,0
972,3,2,0
973,44,2,0
974,39,2,0
975,3,1,0
976,13,2,0
977,63,2,0
978,28,2,0
979,3,1,0
980,102,2,0
981,18,2,0
982,148,2,0
983,5,2,0
984,3,2,0
985,3,1,0
986,3,1,0
987,5,2,0
988,5,2,0
989,6,1,0
990,5,1,0
991,383,276,0
992,901,595,0
993,3,1,0
994,443,443,0
995,2,1,0
996,955,492,0
997,2,1,0
998,369,166,0
999,2,1,0
1000,320,320,0
1001,4,2,0
1002,5,2,0
1003,3,1,0
1004,7,2,0
1005,3,1,0
1006,4,2,0
1007,3,1,0
1008,3,1,0
1009,461,396,0
1010,432,379,0
1011,113,77,0
1012,440,386,0
1013,3,2,0
1014,3,2,0
1015,3,2,0
1016,7,1,0
1017,452,395,0
1018,3,2,0
1019,3,1,0
1020,46,2,0
1021,42,2,0
1022,4,2,0
1023,3,1,0
1024,3,1,0
1025,3,1,0
1026,3,1,0
1027,3,1,0
1028,3,1,0
1029,5,2,0
1030,5,2,0
1031,1904,1902,0
1032,2318,2317,0
1033,1520,1519,0
1034,2369,2368,0
1035,1873,1872,0
1036,1846,1844,0
1037,1815,1813,0
1038,2365,2364,0
1039,609,608,0
1040,3,1,0
1041,3,1,0
1042,520,517,0
1043,419,418,0
1044,44,2,0
1045,5,2,0
1046,491,490,0
1047,336,334,0
1048,3,2,0
1049,3,2,0
1050,1286,755,0
1051,4,2,0
1052,1505,1504,0
1053,4,2,0
1054,2287,2286,0
1055,4,2,0
1056,2748,2747,0
1057,3,2,0
1058,582,581,0
1059,3,2,0
1060,223,223,0
1061,5,2,0
1062,3,2,0
1063,4,2,0
1064,232,230,0
1065,4,2,0
1066,250,249,0
1067,5,2,0
1068,242,241,0
1069,4,2,0
1070,218,216,0
1071,5,2,0
1072,250,249,0
1073,4,2,0
1074,146,145,0
1075,3,1,0
1076,4,2,0
1077,17,9,0
1078,609,608,0
1079,3,2,0
1080,18,13,0
1081,5,2,0
1082,21,18,0
1083,4,2,0
1084,4,2,0
1085,14,12,0
1086,3,2,0
1087,14,10,0
1088,3,2,0
1089,17,13,0
1090,5,2,0
1091,10,8,0
1092,3,2,0
1093,4,2,0
1094,23,14,0
1095,5,4,0
1096,4,2,0
1097,16,11,0
1098,4,2,0
1099,13,12,0
1100,4,2,0
1101,40,39,0
1102,4,2,0
1103,2,2,0
1104,3,1,0
1105,5,1,0
1106,508,423,0
1107,3,1,0
1108,2,1,0
1109,656,464,0
1110,212,192,0
1111,136,108,0
1112,129,111,0
1113,292,162,0
1114,4,2,0
1115,877,529,0
1116,5,2,0
1117,278,197,0
1118,4,2,0
1119,171,142,0
1120,4,2,0
1121,5,2,0
1122,3,1,0
1123,198,2,0
1124,3,1,0
1125,3,1,0
1126,5,1,0
1127,3,1,0
1128,19,19,0
1129,52,51,0
1130,5,1,0
1131,3,1,0
1132,5,1,0
1133,4,4,0
1134,30,29,0
1135,8,8,0
1136,52,51,0
1137,21,21,0
1138,3,1,0
1139,10,9,0
1140,4,2,0
1141,5,2,0
1142,3,2,0
1143,43,2,0
1144,5,2,0
1145,3,1,0
1146,3,1,0
1147,4,2,0
1148,3,1,0
1149,125,2,0
1150,76,2,0
1151,80,2,0
1152,29,2,0
1153,81,2,0
1154,49,2,0
1155,3,1,0
1156,60,79,0
1157,3,2,0
1158,135,135,0
1159,4,2,0
1160,4,2,0
1161,4,2,0
1162,4,2,0
1163,5,2,0
1164,20,2,0
1165,10,2,0
1166,5,2,0
1167,3,1,0
1168,11,2,0
1169,119,2,0
1170,174,2,0
1171,26,2,0
1172,3,1,0
1173,6,1,0
1174,3,2,0
1175,3,2,0
1176,4,2,0
1177,3,1,0
1178,3,1,0
1179,3,1,0
1180,6,1,0
1181,4,1,0
1182,3,1,0
1183,79,2,0
1184,11,2,0
1185,3,1,0
1186,42,2,0
1187,5,2,0
1188,33,2,0
1189,3,1,0
1190,3,1,0
1191,3,1,0
1192,435,358,0
1193,464,446,0
1194,488,488,0
1195,2,1,0
1196,431,431,0
1197,2,1,0
1198,2,1,0
1199,85,85,0
1200,376,376,0
1201,2,1,0
1202,398,377,0
1203,2,1,0
1204,414,404,0
1205,2,1,0
1206,440,317,0
1207,2,1,0
1208,368,307,0
1209,2,1,0
1210,442,288,0
1211,2,1,0
1212,411,370,0
1213,2,1,0
1214,445,276,0
1215,2,1,0
1216,653,501,0
1217,2,1,0
1218,4,2,0
1219,2,1,0
1220,4,2,0
1221,6,5,0
1222,4,2,0
1223,9,2,0
1224,4,2,0
1225,3,2,0
1226,3,2,0
1227,4,2,0
1228,5,2,0
1229,2,1,0
1230,4,2,0
1231,2,1,0
1232,3,2,0
1233,3,2,0
1234,3,2,0
1235,6,2,0
1236,3,2,0
1237,2,1,0
1238,3,2,0
1239,5,2,0
1240,3,2,0
1241,2,2,0
1242,2,1,0
1243,2,1,0
1244,26,26,0
1245,2,1,0
1246,26,26,0
1247,2,1,0
1248,26,26,0
1249,2,1,0
1250,17,17,0
1251,2,1,0
1252,26,26,0
1253,2,1,0
1254,26,26,0
1255,5,2,0
1256,34,33,0
1257,4,2,0
1258,549,548,0
1259,43,42,0
1260,3,1,0
1261,7,6,0
1262,3,1,0
1263,2270,2268,0
1264,3,1,0
1265,1373,1372,0
1266,483,483,0
1267,174,2,0
1268,3,1,0
1269,5,2,0
1270,3,2,0
1271,18,2,0
1272,3,1,0
1273,3,1,0
1274,5,2,0
1275,47,46,0
1276,3,2,0
1277,3,2,0
1278,3,1,0
1279,26,25,0
1280,3,1,0
1281,5,2,0
1282,3,1,0
1283,14,13,0
1284,5,2,0
1285,9,4,0
1286,4,2,0
1287,6,5,0
1288,3,2,0
1289,2,1,0
1290,4,2,0
1291,4,2,0
1292,3,1,0
1293,7,2,0
1294,11,2,0
1295,3,1,0
1296,3,1,0
1297,3,1,0
1298,3,2,0
1299,3,1,0
1300,3,2,0
1301,3,2,0
1302,3,2,0
1303,3,2,0
1304,3,2,0
1305,5,2,0
1306,4,2,0
1307,3,2,0
1308,3,2,0
1309,3,2,0
1310,3,2,0
1311,3,1,0
1312,3,2,0
1313,3,2,0
1314,3,2,0
1315,3,1,0
1316,1078,1074,0
1317,3,2,0
1318,4,2,0
1319,4,2,0
1320,45,2,0
1321,13,2,0
1322,5,2,0
1323,4,2,0
1324,5,2,0
1325,5,2,0
1326,4,2,0
1327,3,2,0
1328,3,2,0
1329,4,2,0
1330,3,1,0
1331,3,2,0
1332,3,1,0
1333,3,1,0
1334,4,2,0
1335,3,1,0
1336,4,2,0
1337,3,2,0
1338,5,2,0
1339,3,1,0
1340,3,2,0
1341,4,2,0
1342,3,1,0
1343,25,2,0
1344,119,152,0
1345,103,147,0
1346,5,2,0
1347,111,149,0
1348,2,2,0
1349,3,2,0
1350,3,1,0
1351,4,2,0
1352,5,2,0
1353,19,2,0
1354,112,2,0
1355,138,2,0
1356,4,2,0
1357,11,2,0
1358,4,2,0
1359,48,2,0
1360,5,1,0
1361,4,2,0
1362,32,31,0
1363,4,3,0
1364,13,12,0
1365,5,1,0
1366,3,2,0
1367,5,2,0
1368,3,2,0
1369,3,2,0
1370,3,2,0
1371,3,2,0
1372,2,2,0
1373,3,1,0
1374,3,1,0
1375,74,73,0
1376,16,16,0
1377,7,6,0
1378,4,2,0
1379,4,2,0
1380,104,101,0
1381,107,99,0
1382,5,2,0
1383,4,1,0
1384,4,2,0
1385,102,101,0
1386,3,2,0
1387,80,79,0
1388,4,2,0
1389,102,100,0
1390,4,2,0
1391,58,57,0
1392,4,2,0
1393,12,11,0
1394,4,2,0
1395,54,53,0
1396,4,2,0
1397,87,86,0
1398,5,2,0
1399,17,16,0
1400,2,2,0
1401,5,2,0
1402,7,2,0
1403,3,1,0
1404,60,57,0
1405,611,610,0
1406,3,2,0
1407,2,1,0
1408,82,70,0
1409,3,1,0
1410,54,2,0
1411,3,2,0
1412,3,2,0
1413,3,2,0
1414,39,38,0
1415,5,2,0
1416,3,1,0
1417,334,652,0
1418,5,2,0
1419,3,1,0
1420,3,1,0
1421,209,345,0
1422,3,1,0
1423,461,461,0
1424,3,1,0
1425,5,2,0
1426,3,2,0
1427,172,2,0
1428,5,2,0
1429,42,41,0
1430,13,2,0
1431,3,2,0
1432,3,2,0
1433,4,2,0
1434,2,1,0
1435,3,2,0
1436,2,1,0
1437,3,2,0
1438,4,2,0
1439,4,2,0
1440,4,1,0
1441,6,1,0
1442,4,1,0
1443,3,1,0
1444,5,2,0
1445,2,2,0
1446,2,2,0
1447,2,2,0
1448,2,2,0
1449,3,2,0
1450,4,2,0
1451,74,2,0
1452,3,1,0
1453,4,2,0
1454,5,4,0
1455,12,2,0
1456,4,2,0
1457,14,1,0
1458,11,2,0
1459,3,1,0
1460,3,1,0
1461,5,2,0
1462,9,8,0
1463,3,2,0
1464,4,2,0
1465,3,2,0
1466,3,2,0
1467,3,2,0
1468,3,2,0
1469,5,2,0
1470,3,2,0
1471,3,1,0
1472,5,2,0
1473,2,1,0
1474,1000,636,0
1475,4,2,0
1476,3,2,0
1477,936,598,0
1478,8,2,0
1479,411,275,0
1480,3,1,0
1481,452,291,0
1482,13,2,0
1483,241,200,0
1484,6,2,0
1485,4,2,0
1486,3,2,0
1487,865,530,0
1488,3,2,0
1489,2,1,0
1490,755,425,0
1491,2,1,0
1492,790,541,0
1493,415,415,0
1494,2,1,0
1495,21,20,0
1496,2,1,0
1497,3,2,0
1498,3,1,0
1499,3,1,0
1500,3,1,0
1501,5,2,0
1502,21,20,0
1503,5,2,0
1504,4,2,0
1505,5,2,0
1506,3,2,0
1507,3,1,0
1508,3,1,0
1509,207,133,0
1510,3,2,0
1511,2,2,0
1512,224,158,0
1513,3,1,0
1514,2,1,0
1515,2,1,0
1516,21,20,0
1517,3,1,0
1518,2,1,0
1519,447,440,0
1520,4,2,0
1521,21,20,0
1522,3,2,0
1523,3,1,0
1524,4,2,0
1525,5,2,0
1526,4,2,0
1527,5,2,0
1528,4,2,0
1529,3,2,0
1530,2,2,0
1531,5,5,0
1532,6,2,0
1533,4,4,0
1534,2,1,0
1535,2,1,0
1536,24,20,0
1537,2,1,0
1538,22,20,0
1539,5,2,0
1540,382,382,0
1541,3,1,0
1542,4,2,0
1543,21,20,0
1544,5,2,0
1545,22,20,0
1546,3,1,0
1547,21,20,0
1548,5,2,0
1549,21,20,0
1550,5,2,0
1551,5,2,0
1552,19,20,0
1553,5,2,0
1554,14,20,0
1555,3,2,0
1556,16,20,0
1557,5,2,0
1558,14,20,0
1559,3,2,0
1560,14,20,0
1561,3,2,0
1562,5,2,0
1563,4,2,0
1564,3,2,0
1565,6,2,0
1566,8,2,0
1567,4,2,0
1568,2,1,0
1569,6,2,0
1570,4,2,0
1571,5,2,0
1572,34,2,0
1573,36,2,0
1574,8,2,0
1575,9,2,0
1576,13,2,0
1577,3,1,0
1578,5,2,0
1579,3,1,0
1580,709,1203,0
1581,5,2,0
1582,1195,1893,0
1583,20,20,0
1584,862,1465,0
1585,5,2,0
1586,798,1196,0
1587,5,2,0
1588,3,1,0
1589,4,2,0
1590,4,1,0
1591,6,1,0
1592,119,160,0
1593,17,20,0
1594,3,1,0
1595,5,1,0
1596,3,2,0
1597,3,2,0
1598,3,2,0
1599,3,1,0
1600,3,1,0
1601,3,1,0
1602,3,1,0
1603,3,1,0
1604,40,20,0
1605,2,1,0
1606,40,20,0
1607,5,1,0
1608,21,20,0
1609,397,397,0
1610,4,2,0
1611,3,2,0
1612,43,2,0
1613,18,2,0
1614,16,16,0
1615,16,16,0
1616,3,1,0
1617,5,5,0
1618,4,4,0
1619,3,2,0
1620,3,2,0
1621,3,2,0
1622,4,2,0
1623,3,2,0
1624,4,2,0
1625,4,2,0
1626,4,2,0
1627,4,2,0
1628,5,2,0
1629,4,2,0
1630,40,2,0
1631,5,2,0
1632,3,1,0
1633,5,2,0
1634,7,2,0
1635,3,1,0
1636,3,1,0
1637,4,1,0
1638,886,1331,0
1639,1068,1812,0
1640,5,2,0
1641,638,1084,0
1642,127,92,0
1643,17,2,0
1644,21,20,0
1645,27,20,0
1646,154,2,0
1647,2,2,0
1648,5,2,0
1649,2,2,0
1650,457,457,0
1651,4,2,0
1652,2,2,0
1653,2,1,0
1654,341,341,0
1655,2,1,0
1656,497,449,0
1657,4,2,0
1658,3,1,0
1659,3,1,0
1660,5,2,0
1661,5,2,0
1662,5,2,0
1663,3,1,0
1664,3,1,0
1665,6,1,0
1666,3,2,0
1667,3,2,0
1668,3,2,0
1669,22,20,0
1670,3,1,0
1671,4,2,0
1672,4,2,0
1673,22,20,0
1674,5,2,0
1675,3,1,0
1676,2,2,0
1677,2,2,0
1678,4,2,0
1679,2,2,0
1680,2,2,0
1681,4,2,0
1682,5,2,0
1683,3,1,0
1684,2,2,0
1685,2,2,0
1686,2,2,0
1687,2,2,0
1688,13,2,0
1689,10,2,0
1690,5,2,0
1691,5,2,0
1692,21,20,0
1693,21,20,0
1694,21,20,0
1695,4,2,0
1696,21,20,0
1697,40,20,0
1698,4,2,0
1699,52,51,0
1700,28,27,0
1701,5,2,0
1702,3,1,0
1703,3,1,0
1704,15,16,0
1705,3,1,0
1706,9,9,0
1707,5,5,0
1708,7,8,0
1709,14,2,0
1710,436,436,0
1711,5,2,0
1712,40,20,0
1713,39,20,0
1714,5,2,0
1715,38,2,0
1716,6,1,0
1717,8,2,0
1718,3,1,0
1719,3,1,0
1720,4,2,0
1721,33,2,0
1722,4,1,0
1723,3,2,0
1724,72,72,0
1725,3,2,0
1726,21,21,0
1727,5,2,0
1728,45,45,0
1729,4,2,0
1730,16,16,0
1731,4,2,0
1732,24,24,0
1733,3,2,0
1734,48,48,0
1735,3,2,0
1736,30,30,0
1737,3,2,0
1738,34,34,0
1739,3,2,0
1740,45,45,0
1741,4,2,0
1742,32,32,0
1743,3,2,0
1744,25,25,0
1745,3,2,0
1746,30,30,0
1747,3,2,0
1748,14,2,0
1749,21,20,0
1750,5,2,0
1751,3,2,0
1752,2,1,0
1753,21,20,0
1754,2,1,0
1755,2,1,0
1756,2,1,0
1757,2,1,0
1758,2,1,0
1759,5,2,0
1760,4,1,0
1761,4,2,0
1762,6,2,0
1763,4,2,0
1764,4,2,0
1765,34,14,0
1766,4,2,0
1767,2,1,0
1768,12,2,0
1769,4,2,0
1770,4,2,0
1771,48,2,0
1772,3,1,0
1773,3,1,0
1774,26,26,0
1775,3,1,0
1776,3,1,0
1777,3,1,0
1778,3,1,0
1779,3,1,0
1780,3,1,0
1781,3,1,0
1782,681,1734,0
1783,2,2,0
1784,2,2,0
1785,3,1,0
1786,3,1,0
1787,3,1,0
1788,2,2,0
1789,2,2,0
1790,3,1,0
1791,3,1,0
1792,3,1,0
1793,3,1,0
1794,4,2,0
1795,3,1,0
1796,3,1,0
1797,3,1,0
1798,21,20,0
1799,3,1,0
1800,3,1,0
1801,9,2,0
1802,3,1,0
1803,21,20,0
1804,21,20,0
1805,21,20,0
1806,25,20,0
1807,3,2,0
1808,21,20,0
1809,5,2,0
1810,21,20,0
1811,3,2,0
1812,21,20,0
1813,4,2,0
1814,21,20,0
1815,91,2,0
1816,3,2,0
1817,3,1,0
1818,63,61,0
1819,4,2,0
1820,3,2,0
1821,2,2,0
1822,3,1,0
1823,24,20,0
1824,3,2,0
1825,3,2,0
1826,3,1,0
1827,5,2,0
1828,3,1,0
1829,21,20,0
1830,17,16,0
1831,4,2,0
1832,2,1,0
1833,5,1,0
1834,2,1,0
1835,2,1,0
1836,5,2,0
1837,11,6,0
1838,3,2,0
1839,7,4,0
1840,3,2,0
1841,5,3,0
1842,3,2,0
1843,12,8,0
1844,3,2,0
1845,7,4,0
1846,8,2,0
1847,4,2,0
1848,92,2,0
1849,3,1,0
1850,3,1,0
1851,3,1,0
1852,5,2,0
1853,32,31,0
1854,974,1546,0
1855,3,1,0
1856,58,39,0
1857,1217,2034,0
1858,8,1,0
1859,42,41,0
1860,994,1677,0
1861,3,2,0
1862,14,13,0
1863,674,1010,0
1864,24,23,0
1865,3,1,0
1866,46,45,0
1867,672,944,0
1868,555,815,0
1869,3,2,0
1870,6,1,0
1871,3,2,0
1872,3,2,0
1873,5,2,0
1874,3,2,0
1875,4,2,0
1876,2,2,0
1877,3,2,0
1878,4,2,0
1879,3,2,0
1880,4,2,0
1881,3,2,0
1882,2,1,0
1883,3,2,0
1884,2,1,0
1885,3,2,0
1886,2,1,0
1887,3,2,0
1888,5,2,0
1889,2,1,0
1890,3,2,0
1891,3,1,0
1892,3,2,0
1893,2,1,0
1894,3,2,0
1895,2,1,0
1896,3,1,0
1897,13,16,0
1898,9,9,0
1899,4,2,0
1900,4,4,0
1901,6,1,0
1902,3,3,0
1903,5,2,0
1904,5,5,0
1905,3,1,0
1906,7,7,0
1907,5,2,0
1908,6,6,0
1909,5,1,0
1910,3,2,0
1911,2,1,0
1912,3,1,0
1913,5,1,0
1914,3,2,0
1915,4,2,0
1916,21,20,0
1917,3,1,0
1918,3,1,0
1919,2,2,0
1920,2,2,0
1921,2,2,0
1922,5,1,0
1923,4,2,0
1924,4,2,0
1925,5,2,0
1926,4,2,0
1927,3,2,0
1928,4,2,0
1929,4,2,0
1930,3,2,0
1931,5,2,0
1932,5,2,0
1933,5,2,0
1934,2,2,0
1935,3,1,0
1936,2,2,0
1937,2,2,0
1938,2,2,0
1939,2,2,0
1940,2,2,0
1941,3,2,0
1942,3,2,0
1943,3,2,0
1944,3,2,0
1945,2,2,0
1946,5,2,0
1947,3,2,0
1948,4,2,0
1949,3,2,0
1950,6,1,0
1951,3,1,0
1952,5,2,0
1953,35,20,0
1954,33,20,0
1955,3,1,0
1956,3,1,0
1957,3,1,0
1958,21,20,0
1959,4,2,0
1960,4,1,0
1961,3,2,0
1962,4,2,0
1963,80,68,0
1964,10,8,0
1965,31,14,0
1966,4,2,0
1967,4,2,0
1968,10,10,0
1969,28,28,0
1970,14,14,0
1971,337,330,0
1972,152,152,0
1973,27,21,0
1974,77,70,0
1975,408,335,0
1976,34,34,0
1977,5,2,0
1978,3,1,0
1979,3,1,0
1980,4,2,0
1981,12,2,0
1982,3,1,0
1983,5,2,0
1984,3,2,0
1985,5,2,0
1986,3,2,0
1987,3,2,0
1988,3,2,0
1989,4,2,0
1990,2,1,0
1991,4,2,0
1992,6,1,0
1993,3,1,0
1994,3,1,0
1995,3,1,0
1996,3,1,0
1997,2,2,0
1998,2,2,0
1999,2,2,0
2000,2,2,0
2001,3,1,0
2002,2,2,0
2003,3,2,0
2004,5,2,0
2005,3,2,0
2006,3,2,0
2007,2,1,0
2008,3,1,0
2009,3,2,0
2010,2,1,0
2011,3,2,0
2012,2,1,0
2013,15,2,0
2014,2,1,0
2015,3,2,0
2016,2,1,0
2017,13,2,0
2018,2,1,0
2019,16,2,0
2020,2,1,0
2021,10,2,0
2022,2,1,0
2023,4,2,0
2024,2,1,0
2025,3,2,0
2026,2,1,0
2027,7,2,0
2028,2,1,0
2029,1045,1045,0
2030,3,2,0
2031,2,1,0
2032,5,2,0
2033,2,2,0
2034,5,2,0
2035,3,2,0
2036,4,2,0
2037,4,2,0
2038,3,1,0
2039,5,2,0
2040,5,2,0
2041,2,2,0
2042,5,2,0
2043,3,2,0
2044,3,2,0
2045,3,2,0
2046,5,2,0
2047,3,2,0
2048,5,2,0
2049,3,2,0
2050,5,2,0
2051,4,2,0
2052,2,1,0
2053,2,1,0
2054,3,1,0
2055,35,2,0
2056,4,1,0
2057,3,1,0
2058,17,2,0
2059,151,2,0
2060,12,2,0
2061,3,1,0
2062,3,1,0
2063,4,2,0
2064,3,2,0
2065,3,2,0
2066,3,2,0
2067,3,2,0
2068,3,1,0
2069,4,2,0
2070,3,1,0
2071,5,2,0
2072,2,1,0
2073,4,2,0
2074,2,1,0
2075,2,1,0
2076,3,1,0
2077,2,1,0
2078,5,2,0
2079,4,1,0
2080,2,1,0
2081,2,1,0
2082,3,2,0
2083,1170,2240,0
2084,824,1362,0
2085,4,2,0
2086,824,1273,0
2087,979,1582,0
2088,5,2,0
2089,100,99,0
2090,3,2,0
2091,8,7,0
2092,3,1,0
2093,9,8,0
2094,8,6,0
2095,3,1,0
2096,4,2,0
2097,3,1,0
2098,5,2,0
2099,2,1,0
2100,15,16,0
2101,15,16,0
2102,2,1,0
2103,3,3,0
2104,3,1,0
2105,2,1,0
2106,14,16,0
2107,4,2,0
2108,39,38,0
2109,4,2,0
2110,47,44,0
2111,3,2,0
2112,39,38,0
2113,4,2,0
2114,69,68,0
2115,3,2,0
2116,74,69,0
2117,4,2,0
2118,102,99,0
2119,2,1,0
2120,4,2,0
2121,3,1,0
2122,4,2,0
2123,2,1,0
2124,3,2,0
2125,3,2,0
2126,2,1,0
2127,2,1,0
2128,3,2,0
2129,2,1,0
2130,5,2,0
2131,2,1,0
2132,5,2,0
2133,4,2,0
2134,2,1,0
2135,2,1,0
2136,4,2,0
2137,2,1,0
2138,45,2,0
2139,5,2,0
2140,2,1,0
2141,13,2,0
2142,3,2,0
2143,3,1,0
2144,4,2,0
2145,5,2,0
2146,4,2,0
2147,4,2,0
2148,5,2,0
2149,3,1,0
2150,355,355,0
2151,3,1,0
2152,355,264,0
2153,16,16,0
2154,5,2,0
2155,622,395,0
2156,5,2,0
2157,3,1,0
2158,1033,555,0
2159,3,1,0
2160,1259,796,0
2161,3,1,0
2162,581,298,0
2163,3,1,0
2164,542,367,0
2165,16,16,0
2166,3,1,0
2167,776,410,0
2168,3,1,0
2169,250,250,0
2170,3,1,0
2171,3,2,0
2172,163,163,0
2173,2,1,0
2174,3,2,0
2175,3,1,0
2176,61,60,0
2177,4,2,0
2178,7,2,0
2179,3,2,0
2180,25,2,0
2181,70,2,0
2182,64,2,0
2183,3,1,0
2184,3,2,0
2185,3,2,0
2186,3,2,0
2187,3,2,0
2188,3,2,0
2189,3,2,0
2190,4,2,0
2191,3,2,0
2192,3,2,0
2193,104,2,0
2194,4,2,0
2195,4,2,0
2196,4,2,0
2197,363,341,0
2198,116,111,0
2199,3,1,0
2200,3,1,0
2201,4,2,0
2202,467,441,0
2203,5,2,0
2204,36,35,0
2205,3,2,0
2206,8,1,0
2207,4,2,0
2208,3,2,0
2209,9,8,0
2210,3,2,0
2211,3,1,0
2212,31,30,0
2213,25,24,0
2214,20,19,0
2215,4,2,0
2216,28,27,0
2217,5,2,0
2218,3,2,0
2219,56,53,0
2220,3,1,0
2221,3,1,0
2222,48,48,0
2223,3,1,0
2224,5,2,0
2225,89,88,0
2226,44,2,0
2227,3,2,0
2228,3,1,0
2229,3,2,0
2230,3,1,0
2231,3,1,0
2232,5,2,0
2233,3,2,0
2234,3,2,0
2235,3,2,0
2236,49,2,0
2237,3,2,0
2238,3,2,0
2239,3,2,0
2240,3,2,0
2241,5,2,0
2242,3,2,0
2243,3,1,0
2244,2,1,0
2245,32,32,0
2246,3,2,0
2247,34,34,0
2248,4,2,0
2249,51,51,0
2250,4,2,0
2251,37,37,0
2252,4,2,0
2253,28,28,0
2254,5,2,0
2255,102,100,0
2256,3,2,0
2257,71,70,0
2258,4,2,0
2259,3,2,0
2260,4,2,0
2261,3,2,0
2262,3,2,0
2263,3,2,0
2264,44,41,0
2265,55,53,0
2266,3,2,0
2267,3,2,0
2268,4,2,0
2269,5,2,0
2270,3,2,0
2271,67,2,0
2272,5,1,0
2273,5,2,0
2274,5,2,0
2275,3,1,0
2276,2,2,0
2277,2,2,0
2278,2,2,0
2279,2,2,0
2280,3,1,0
2281,5,2,0
2282,3,1,0
2283,3,1,0
2284,4,2,0
2285,2,2,0
2286,5,2,0
2287,2,2,0
2288,2,2,0
2289,2,2,0
2290,2,2,0
2291,2,2,0
2292,4,2,0
2293,2,2,0
2294,5,2,0
2295,5,2,0
2296,2,2,0
2297,2,2,0
2298,2,2,0
2299,3,2,0
2300,3,1,0
2301,3,2,0
2302,4,2,0
2303,4,1,0
2304,4,2,0
2305,4,2,0
2306,4,2,0
2307,4,2,0
2308,4,2,0
2309,3,1,0
2310,3,1,0
2311,3,1,0
2312,5,2,0
2313,3,2,0
2314,5,2,0
2315,3,1,0
2316,4,2,0
2317,3,2,0
2318,3,2,0
2319,3,2,0
2320,3,2,0
2321,3,2,0
2322,3,2,0
2323,5,2,0
2324,812,812,0
2325,5,2,0
2326,5,2,0
2327,344,344,0
2328,67,67,0
2329,2,1,0
2330,2,1,0
2331,2,1,0
2332,83,83,0
2333,34,34,0
2334,359,359,0
2335,2,1,0
2336,409,334,0
2337,5,2,0
2338,3,1,0
2339,3,3,0
2340,2,3,0
2341,2,2,0
2342,7,2,0
2343,9,9,0
2344,12,12,0
2345,4,2,0
2346,4,2,0
2347,3,2,0
2348,8,9,0
2349,2,2,0
2350,7,7,0
2351,69,2,0
2352,3,2,0
2353,5,2,0
2354,2,2,0
2355,2,2,0
2356,2,1,0
2357,3,2,0
2358,3,2,0
2359,3,2,0
2360,3,2,0
2361,3,2,0
2362,3,1,0
2363,23,2,0
2364,4,2,0
2365,3,2,0
2366,5,4,0
2367,3,1,0
2368,4,2,0
2369,2,2,0
2370,4,1,0
2371,4,2,0
2372,11,11,0
2373,10,11,0
2374,5,2,0
2375,4,2,0
2376,11,11,0
2377,3,2,0
2378,3,2,0
2379,114,2,0
2380,455,455,0
2381,454,454,0
2382,428,428,0
2383,61,61,0
2384,490,490,0
2385,498,498,0
2386,22,22,0
2387,480,480,0
2388,2,1,0
2389,2,1,0
2390,2,1,0
2391,2,1,0
2392,387,387,0
2393,385,385,0
2394,367,367,0
2395,408,408,0
2396,2,1,0
2397,300,300,0
2398,2,1,0
2399,451,410,0
2400,3,1,0
2401,3,1,0
2402,3,1,0
2403,3,1,0
2404,3,1,0
2405,8,1,0
2406,2,1,0
2407,5,2,0
2408,3,1,0
2409,2,1,0
2410,2,1,0
2411,8,1,0
2412,2,1,0
2413,2,1,0
2414,5,1,0
2415,3,1,0
2416,5,2,0
2417,3,1,0
2418,5,2,0
2419,5,1,0
2420,5,2,0
2421,3,2,0
2422,4,2,0
2423,443,415,0
2424,3,2,0
2425,26,25,0
2426,3,2,0
2427,19,19,0
2428,3,2,0
2429,27,27,0
2430,4,2,0
2431,8,8,0
2432,103,15,0
2433,4,2,0
2434,9,8,0
2435,3,2,0
2436,17,16,0
2437,3,2,0
2438,3,2,0
2439,5,2,0
2440,5,2,0
2441,3,2,0
2442,3,2,0
2443,3,2,0
2444,3,2,0
2445,4,2,0
2446,59,57,0
2447,3,1,0
2448,53,50,0
2449,2,1,0
2450,18,2,0
2451,4,2,0
2452,5,2,0
2453,3,1,0
2454,3,1,0
2455,24,2,0
2456,3,1,0
2457,3,1,0
2458,343,276,0
2459,2,1,0
2460,258,216,0
2461,219,184,0
2462,294,242,0
2463,155,150,0
2464,4,2,0
2465,3,1,0
2466,3,1,0
2467,14,16,0
2468,13,16,0
2469,5,2,0
2470,11,16,0
2471,7,8,0
2472,15,15,0
2473,2,1,0
2474,5,5,0
2475,5,2,0
2476,3,2,0
2477,4,2,0
2478,3,2,0
2479,11,2,0
2480,3,2,0
2481,3,2,0
2482,5,2,0
2483,3,2,0
2484,4,4,0
2485,3,2,0
2486,3,2,0
2487,5,2,0
2488,3,2,0
2489,3,2,0
2490,3,2,0
2491,3,2,0
2492,3,2,0
2493,5,2,0
2494,2,2,0
2495,5,2,0
2496,3,2,0
2497,4,2,0
2498,3,2,0
2499,5,2,0
2500,22,2,0
2501,3,1,0
2502,3,2,0
2503,3,1,0
2504,463,463,0
2505,13,16,0
2506,676,293,0
2507,920,1485,0
2508,34,2,0
2509,83,141,0
2510,6,1,0
2511,89,150,0
2512,5,2,0
2513,77,149,0
2514,3,2,0
2515,76,142,0
2516,4,2,0
2517,68,151,0
2518,3,2,0
2519,71,153,0
2520,4,2,0
2521,77,145,0
2522,5,2,0
2523,67,145,0
2524,5,2,0
2525,72,153,0
2526,4,2,0
2527,130,256,0
2528,89,162,0
2529,4,2,0
2530,131,259,0
2531,4,2,0
2532,3,1,0
2533,3,1,0
2534,3,1,0
2535,3,1,0
2536,16,2,0
2537,25,2,0
2538,13,2,0
2539,14,2,0
2540,3,1,0
2541,3,1,0
2542,3,1,0
2543,3,1,0
2544,2,1,0
2545,260,300,0
2546,4,1,0
2547,5,2,0
2548,169,201,0
2549,111,131,0
2550,3,1,0
2551,3,1,0
2552,245,301,0
2553,154,2,0
2554,232,300,0
2555,5,2,0
2556,26,26,0
2557,3,1,0
2558,9,2,0
2559,3,1,0
2560,3,1,0
2561,3,1,0
2562,42,2,0
2563,16,2,0
2564,3,1,0
2565,3,1,0
2566,425,425,0
2567,3,1,0
2568,5,2,0
2569,3,1,0
2570,3,1,0
2571,440,388,0
2572,4,1,0
2573,3,1,0
2574,377,377,0
2575,90,80,0
2576,79,64,0
2577,3,1,0
2578,459,459,0
2579,449,449,0
2580,5,2,0
2581,6,2,0
2582,4,2,0
2583,3,2,0
2584,6,1,0
2585,2,2,0
2586,5,2,0
2587,2,2,0
2588,4,2,0
2589,2,2,0
2590,5,2,0
2591,2,2,0
2592,2,2,0
2593,2,2,0
2594,4,2,0
2595,2,2,0
2596,4,2,0
2597,19,19,0
2598,5,2,0
2599,2,2,0
2600,5,2,0
2601,2,2,0
2602,5,1,0
2603,3,2,0
2604,3,2,0
2605,4,2,0
2606,3,2,0
2607,3,2,0
2608,3,2,0
2609,3,2,0
2610,3,2,0
2611,3,2,0
2612,3,2,0
2613,3,1,0
2614,4,2,0
2615,4,2,0
2616,2,2,0
2617,4,2,0
2618,3,2,0
2619,3,2,0
2620,3,2,0
2621,4,2,0
2622,4,2,0
2623,3,2,0
2624,12,11,0
2625,4,2,0
2626,3,1,0
2627,5,2,0
2628,3,2,0
2629,3,2,0
2630,3,2,0
2631,4,1,0
2632,3,2,0
2633,5,2,0
2634,2,1,0
2635,4,2,0
2636,2,1,0
2637,2,2,0
2638,3,1,0
2639,82,82,0
2640,2,1,0
2641,361,361,0
2642,2,2,0
2643,5,2,0
2644,3,2,0
2645,2,1,0
2646,5,2,0
2647,3,1,0
2648,3,1,0
2649,4,2,0
2650,5,2,0
2651,2,1,0
2652,4,2,0
2653,3,1,0
2654,3,2,0
2655,4,2,0
2656,3,2,0
2657,3,1,0
2658,39,2,0
2659,21,2,0
2660,3,1,0
2661,3,1,0
2662,3,1,0
2663,4,2,0
2664,3,2,0
2665,3,2,0
2666,3,2,0
2667,3,2,0
2668,5,1,0
2669,3,2,0
2670,3,1,0
2671,3,2,0
2672,3,2,0
2673,3,2,0
2674,3,2,0
2675,5,2,0
2676,10,9,0
2677,4,2,0
2678,10,8,0
2679,4,2,0
2680,7,6,0
2681,4,2,0
2682,19,14,0
2683,11,11,0
2684,3,2,0
2685,16,11,0
2686,3,2,0
2687,15,11,0
2688,3,1,0
2689,23,22,0
2690,3,1,0
2691,33,32,0
2692,5,2,0
2693,27,26,0
2694,3,1,0
2695,37,36,0
2696,36,35,0
2697,3,2,0
2698,4,1,0
2699,3,2,0
2700,2,1,0
2701,2,1,0
2702,2,1,0
2703,2,1,0
2704,3,2,0
2705,3,2,0
2706,3,2,0
2707,3,2,0
2708,2,1,0
2709,2,1,0
2710,2,1,0
2711,2,1,0
2712,3,2,0
2713,3,2,0
2714,3,2,0
2715,3,2,0
2716,2,1,0
2717,3,2,0
2718,3,2,0
2719,4,2,0
2720,3,2,0
2721,4,2,0
2722,3,2,0
2723,3,2,0
2724,3,2,0
2725,5,2,0
2726,3,1,0
2727,3,1,0
2728,3,1,0
2729,2,1,0
2730,4,2,0
2731,3,2,0
2732,117,157,0
2733,3,1,0
2734,3,1,0
2735,3,1,0
2736,148,216,0
2737,3,2,0
2738,4,1,0
2739,5,2,0
2740,5,2,0
2741,3,2,0
2742,3,2,0
2743,5,2,0
2744,3,2,0
2745,5,2,0
2746,4,2,0
2747,3,1,0
2748,3,2,0
2749,4,2,0
2750,4,2,0
2751,5,1,0
2752,3,1,0
2753,3,1,0
2754,6,2,0
2755,3,1,0
2756,3,1,0
2757,2,2,0
2758,3,1,0
2759,3,1,0
2760,3,2,0
2761,2,1,0
2762,3,2,0
2763,3,1,0
2764,8,1,0
2765,3,1,0
2766,4,2,0
2767,20,19,0
2768,5,2,0
2769,3,2,0
2770,3,1,0
2771,3,1,0
2772,85,2,0
2773,2,2,0
2774,2,2,0
2775,3,1,0
2776,2,2,0
2777,2,2,0
2778,2,2,0
2779,26,2,0
2780,24,2,0
2781,5,1,0
2782,4,1,0
2783,3,1,0
2784,3,2,0
2785,12,16,0
2786,5,2,0
2787,14,16,0
2788,16,16,0
2789,15,16,0
2790,4,1,0
2791,14,16,0
2792,2,2,0
2793,2,2,0
2794,8,1,0
2795,4,2,0
2796,15,16,0
2797,15,16,0
2798,4,2,0
2799,5,1,0
2800,4,2,0
2801,61,60,0
2802,10,1,0
2803,96,94,0
2804,131,130,0
2805,90,89,0
2806,67,66,0
2807,86,85,0
2808,3,1,0
2809,3,1,0
2810,3,1,0
2811,5,1,0
2812,3,1,0
2813,3,1,0
2814,26,22,0
2815,3,1,0
2816,30,24,0
2817,69,41,0
2818,46,45,0
2819,298,297,0
2820,34,29,0
2821,40,34,0
2822,73,72,0
2823,52,51,0
2824,53,52,0
2825,34,32,0
2826,34,2,0
2827,17,2,0
2828,3,1,0
2829,3,1,0
2830,3,2,0
2831,3,2,0
2832,3,2,0
2833,3,1,0
2834,3,2,0
2835,3,2,0
2836,3,2,0
2837,5,2,0
2838,33,32,0
2839,20,19,0
2840,3,2,0
2841,8,1,0
2842,5,2,0
2843,3,2,0
2844,3,2,0
2845,4,2,0
2846,3,1,0
2847,3,2,0
2848,5,2,0
2849,5,2,0
2850,42,42,0
2851,338,338,0
2852,8,2,0
2853,26,2,0
2854,3,1,0
2855,3,1,0
2856,3,1,0
2857,6,2,0
2858,3,1,0
2859,26,2,0
2860,2,2,0
2861,2,2,0
2862,2,2,0
2863,2,2,0
2864,2,2,0
2865,4,2,0
2866,51,49,0
2867,2,2,0
2868,3,1,0
2869,16,16,0
2870,6,6,0
2871,3,2,0
2872,6,5,0
2873,4,2,0
2874,3,1,0
2875,4,1,0
2876,4,2,0
2877,3,1,0
2878,4,2,0
2879,4,1,0
2880,5,2,0
2881,3,1,0
2882,25,16,0
2883,17,10,0
2884,15,10,0
2885,15,12,0
2886,6,1,0
2887,7,2,0
2888,4,2,0
2889,5,2,0
2890,579,477,0
2891,5,2,0
2892,5,2,0
2893,150,147,0
2894,4,2,0
2895,190,445,0
2896,261,157,0
2897,5,2,0
2898,371,758,0
2899,5,2,0
2900,4,2,0
2901,355,726,0
2902,145,92,0
2903,4,2,0
2904,201,447,0
2905,8,1,0
2906,3,1,0
2907,3,1,0
2908,5,2,0
2909,26,26,0
2910,7,7,0
2911,5,1,0
2912,5,1,0
2913,4,4,0
2914,3,1,0
2915,2,2,0
2916,201,201,0
2917,26,26,0
2918,2,1,0
2919,26,26,0
2920,2,1,0
2921,26,26,0
2922,2,1,0
2923,2,2,0
2924,2,1,0
2925,26,26,0
2926,2,1,0
2927,2,2,0
2928,2,1,0
2929,26,26,0
2930,2,1,0
2931,437,437,0
2932,4,2,0
2933,2,1,0
2934,4,2,0
2935,6,2,0
2936,5,2,0
2937,5,2,0
2938,5,2,0
2939,3,2,0
2940,4,1,0
2941,5,2,0
2942,3,2,0
2943,4,2,0
2944,3,2,0
2945,482,482,0
2946,2,1,0
2947,2,1,0
2948,2,1,0
2949,426,426,0
2950,422,422,0
2951,371,371,0
2952,2,1,0
2953,86,86,0
2954,2,1,0
2955,368,368,0
2956,2,1,0
2957,343,343,0
2958,2,1,0
2959,336,336,0
2960,2,1,0
2961,368,368,0
2962,2,1,0
2963,348,347,0
2964,2,1,0
2965,16,16,0
2966,2,1,0
2967,4,2,0
2968,3,1,0
2969,5,2,0
2970,3,1,0
2971,800,616,0
2972,595,441,0
2973,1135,579,0
2974,7,1,0
2975,584,421,0
2976,2,1,0
2977,2,1,0
2978,455,455,0
2979,461,461,0
2980,2,1,0
2981,2,1,0
2982,2,1,0
2983,360,360,0
2984,346,346,0
2985,360,360,0
2986,18,18,0
2987,4,2,0
2988,9,7,0
2989,4,2,0
2990,5,4,0
2991,4,2,0
2992,7,6,0
2993,4,2,0
2994,7,6,0
2995,3,1,0
2996,8,7,0
2997,3,2,0
2998,7,6,0
2999,4,3,0
3000,3,2,0
3001,5,2,0
3002,5,1,0
3003,11,2,0
3004,3,1,0
3005,3,1,0
3006,29,28,0
3007,5,2,0
3008,56,43,0
3009,5,2,0
3010,77,76,0
3011,3,1,0
3012,53,42,0
3013,6,1,0
3014,26,26,0
3015,23,22,0
3016,25,24,0
3017,18,17,0
3018,31,30,0
3019,45,44,0
3020,39,37,0
3021,6,2,0
3022,5,1,0
3023,3,1,0
3024,2,2,0
3025,2,2,0
3026,2,2,0
3027,6,1,0
3028,2,2,0
3029,2,2,0
3030,2,2,0
3031,3,1,0
3032,4,2,0
3033,3,2,0
3034,4,2,0
3035,2,1,0
3036,6,2,0
3037,2,1,0
3038,6,2,0
3039,3,1,0
3040,2,1,0
3041,29,28,0
3042,2,1,0
3043,45,44,0
3044,2,1,0
3045,5,1,0
3046,3,2,0
3047,54,51,0
3048,4,1,0
3049,4,2,0
3050,7,2,0
3051,32,2,0
3052,3,1,0
3053,2,1,0
3054,4,2,0
3055,2,1,0
3056,3,1,0
3057,9,16,0
3058,10,16,0
3059,3,1,0
3060,14,16,0
3061,3,1,0
3062,15,16,0
3063,14,16,0
3064,3,1,0
3065,15,16,0
3066,13,16,0
3067,12,16,0
3068,3,1,0
3069,4,2,0
3070,4,2,0
3071,4,2,0
3072,4,2,0
3073,5,2,0
3074,5,2,0
3075,3,1,0
3076,3,2,0
3077,3,2,0
3078,4,2,0
3079,4,2,0
3080,3,1,0
3081,3,1,0
3082,3,1,0
3083,3,2,0
3084,3,1,0
3085,3,1,0
3086,3,1,0
3087,3,1,0
3088,3,1,0
3089,3,1,0
3090,3,1,0
3091,3,1,0
3092,3,1,0
3093,3,1,0
3094,3,2,0
3095,3,1,0
3096,3,1,0
3097,3,1,0
3098,5,2,0
3099,11,11,0
3100,5,2,0
3101,11,11,0
3102,5,2,0
3103,11,11,0
3104,5,2,0
3105,11,11,0
3106,5,2,0
3107,5,2,0
3108,11,11,0
3109,11,11,0
3110,2,2,0
3111,5,2,0
3112,11,11,0
3113,5,2,0
3114,11,11,0
3115,5,2,0
3116,11,11,0
3117,3,1,0
3118,11,11,0
3119,5,2,0
3120,5,2,0
3121,3,2,0
3122,4,2,0
3123,3,1,0
3124,4,2,0
3125,3,2,0
3126,5,2,0
3127,4,1,0
3128,3,1,0
3129,122,53,0
3130,5,2,0
3131,400,219,0
3132,5,2,0
3133,758,587,0
3134,471,306,0
3135,5,2,0
3136,749,619,0
3137,563,406,0
3138,4,2,0
3139,882,661,0
3140,4,2,0
3141,5,2,0
3142,3,2,0
3143,3,2,0
3144,4,2,0
3145,33,2,0
3146,3,1,0
3147,3,1,0
3148,12,2,0
3149,11,2,0
3150,3,1,0
3151,5,2,0
3152,3,2,0
3153,3,2,0
3154,4,2,0
3155,3,1,0
3156,5,2,0
3157,4,2,0
3158,3,2,0
3159,75,71,0
3160,4,2,0
3161,65,63,0
3162,3,1,0
3163,4,2,0
3164,101,99,0
3165,3,2,0
3166,53,52,0
3167,3,2,0
3168,41,40,0
3169,3,1,0
3170,37,36,0
3171,5,2,0
3172,3,2,0
3173,49,47,0
3174,38,37,0
3175,3,2,0
3176,26,24,0
3177,29,22,0
3178,22,20,0
3179,17,13,0
3180,4,2,0
3181,4,2,0
3182,3,2,0
3183,2,1,0
3184,3,2,0
3185,3,2,0
3186,3,2,0
3187,936,1360,0
3188,3,1,0
3189,3,2,0
3190,849,1399,0
3191,4,2,0
3192,641,1017,0
3193,9,2,0
3194,9,2,0
3195,2,2,0
3196,5,2,0
3197,4,2,0
3198,4,2,0
3199,5,2,0
3200,4,2,0
3201,4,2,0
3202,3,1,0
3203,4,2,0
3204,4,2,0
3205,5,2,0
3206,3,1,0
3207,3,1,0
3208,3,1,0
3209,3,1,0
3210,3,1,0
3211,3,1,0
3212,2,2,0
3213,3,1,0
3214,4,2,0
3215,26,26,0
3216,3,2,0
3217,2,2,0
3218,2,1,0
3219,2,2,0
3220,2,1,0
3221,2,2,0
3222,2,1,0
3223,2,2,0
3224,24,14,0
3225,3,2,0
3226,8,5,0
3227,3,2,0
3228,3,2,0
3229,4,2,0
3230,3,2,0
3231,4,2,0
3232,484,483,0
3233,41,38,0
3234,4,2,0
3235,3,2,0
3236,3,2,0
3237,10,9,0
3238,3,2,0
3239,14,10,0
3240,3,1,0
3241,3,2,0
3242,64,62,0
3243,3,1,0
3244,50,46,0
3245,2,1,0
3246,3,2,0
3247,3,2,0
3248,3,2,0
3249,3,2,0
3250,3,2,0
3251,3,2,0
3252,3,1,0
3253,3,2,0
3254,4,2,0
3255,3,2,0
3256,3,2,0
3257,3,2,0
3258,3,2,0
3259,3,1,0
3260,3,2,0
3261,3,1,0
3262,3,2,0
3263,3,2,0
3264,3,2,0
3265,3,1,0
3266,3,1,0
3267,3,2,0
3268,3,2,0
3269,4,2,0
3270,3,1,0
3271,7,1,0
3272,719,389,0
3273,5,2,0
3274,3,1,0
3275,1000,677,0
3276,4,2,0
3277,647,380,0
3278,4,1,0
3279,332,265,0
3280,5,2,0
3281,620,486,0
3282,3,1,0
3283,5,1,0
3284,960,1700,0
3285,516,763,0
3286,629,894,0
3287,5,2,0
3288,3,1,0
3289,3,1,0
3290,3,1,0
3291,3,1,0
3292,3,2,0
3293,2,1,0
3294,2,2,0
3295,2,1,0
3296,2,1,0
3297,2,2,0
3298,2,2,0
3299,2,1,0
3300,2,1,0
3301,474,474,0
3302,470,470,0
3303,2,1,0
3304,388,388,0
3305,386,386,0
3306,416,416,0
3307,421,421,0
3308,327,327,0
3309,92,92,0
3310,2,1,0
3311,3,1,0
3312,3,2,0
3313,3,2,0
3314,3,2,0
3315,5,2,0
3316,2,1,0
3317,3,2,0
3318,7,6,0
3319,3,2,0
3320,2,1,0
3321,3,2,0
3322,4,2,0
3323,3,1,0
3324,2,1,0
3325,3,1,0
3326,3,3,0
3327,2,2,0
3328,2,2,0
3329,4,2,0
3330,2,1,0
3331,4,2,0
3332,3,2,0
3333,3,2,0
3334,3,2,0
3335,5,2,0
3336,3,2,0
3337,3,1,0
3338,3,2,0
3339,5,2,0
3340,26,26,0
3341,3,2,0
3342,3,1,0
3343,5,2,0
3344,3,1,0
3345,29,26,0
3346,3,1,0
3347,3,1,0
3348,591,445,0
3349,278,165,0
3350,874,532,0
3351,268,168,0
3352,6,2,0
3353,320,193,0
3354,5,2,0
3355,714,359,0
3356,5,2,0
3357,3,2,0
3358,5,2,0
3359,2,1,0
3360,4,2,0
3361,3,2,0
3362,6,1,0
3363,5,2,0
3364,3,1,0
3365,10,9,0
3366,65,64,0
3367,2,2,0
3368,4,2,0
3369,57,56,0
3370,3,1,0
3371,3,1,0
3372,63,61,0
3373,45,42,0
3374,3,1,0
3375,57,55,0
3376,6,1,0
3377,4,3,0
3378,19,2,0
3379,34,31,0
3380,452,452,0
3381,4,2,0
3382,63,61,0
3383,3,2,0
3384,3,2,0
3385,5,2,0
3386,9,6,0
3387,3,1,0
3388,6,4,0
3389,3,2,0
3390,4,2,0
3391,7,4,0
3392,10,7,0
3393,5,2,0
3394,3,1,0
3395,3,2,0
3396,4,2,0
3397,4,2,0
3398,3,1,0
3399,29,19,0
3400,3,1,0
3401,5,2,0
3402,3,2,0
3403,4,2,0
3404,4,2,0
3405,3,1,0
3406,5,2,0
3407,5,2,0
3408,5,2,0
3409,3,1,0
3410,4,2,0
3411,98,196,0
3412,5,2,0
3413,2,1,0
3414,2,2,0
3415,3,1,0
3416,39,52,0
3417,3,2,0
3418,5,2,0
3419,7,1,0
3420,4,2,0
3421,3,2,0
3422,5,2,0
3423,3,2,0
3424,4,2,0
3425,7,2,0
3426,4,2,0
3427,4,2,0
3428,1213,1913,0
3429,976,1427,0
3430,4,2,0
3431,2,2,0
3432,3,2,0
3433,4,2,0
3434,24,2,0
3435,7,2,0
3436,49,2,0
3437,3,1,0
3438,2,1,0
3439,3,1,0
3440,7,1,0
3441,3,1,0
3442,3,1,0
3443,4,1,0
3444,16,16,0
3445,15,16,0
3446,16,16,0
3447,6,1,0
3448,4,2,0
3449,44,2,0
3450,5,2,0
3451,112,53,0
3452,4,2,0
3453,3,1,0
3454,4,2,0
3455,2,1,0
3456,4,2,0
3457,4,2,0
3458,5,2,0
3459,3,1,0
3460,4,2,0
3461,4,2,0
3462,6,2,0
3463,4,2,0
3464,3,2,0
3465,5,2,0
3466,357,345,0
3467,3,2,0
3468,427,399,0
3469,3,2,0
3470,341,225,0
3471,3,2,0
3472,26,2,0
3473,401,381,0
3474,78,1,0
3475,3,1,0
3476,4,2,0
3477,2,1,0
3478,3,2,0
3479,2,1,0
3480,3,2,0
3481,3,1,0
3482,4,2,0
3483,3,2,0
3484,3,2,0
3485,2,1,0
3486,3,2,0
3487,2,1,0
3488,3,2,0
3489,2,1,0
3490,5,2,0
3491,3,1,0
3492,4,2,0
3493,2,1,0
3494,58,57,0
3495,3,2,0
3496,2,1,0
3497,5,2,0
3498,48,59,0
3499,3,2,0
3500,3,1,0
3501,4,2,0
3502,6,2,0
3503,4,2,0
3504,3,1,0
3505,3,1,0
3506,5,2,0
3507,3,1,0
3508,564,845,0
3509,462,727,0
3510,2,1,0
3511,30,29,0
3512,2,1,0
3513,127,29,0
3514,2,1,0
3515,461,682,0
3516,2,1,0
3517,368,657,0
3518,2,1,0
3519,37,35,0
3520,2,1,0
3521,546,774,0
3522,67,66,0
3523,3,2,0
3524,100,99,0
3525,5,2,0
3526,102,101,0
3527,4,2,0
3528,5,2,0
3529,78,151,0
3530,5,2,0
3531,4,2,0
3532,72,148,0
3533,123,150,0
3534,4,2,0
3535,85,148,0
3536,5,2,0
3537,5,2,0
3538,5,2,0
3539,75,153,0
3540,98,154,0
3541,4,2,0
3542,4,2,0
3543,5,2,0
3544,75,151,0
3545,3,1,0
3546,4,2,0
3547,2,1,0
3548,2,1,0
3549,465,465,0
3550,2,1,0
3551,445,444,0
3552,2,1,0
3553,423,319,0
3554,2,1,0
3555,399,374,0
3556,3,1,0
3557,6,2,0
3558,3,1,0
3559,42,25,0
3560,34,2,0
3561,3,1,0
3562,5,2,0
3563,5,2,0
3564,26,26,0
3565,3,2,0
3566,2,1,0
3567,16,16,0
3568,925,399,0
3569,4,2,0
3570,2,2,0
3571,20,2,0
3572,39,32,0
3573,3,1,0
3574,558,1084,0
3575,3,2,0
3576,3,1,0
3577,4,2,0
3578,4,2,0
3579,3,1,0
3580,3,1,0
3581,5,2,0
3582,5,2,0
3583,2,1,0
3584,4,2,0
3585,4,2,0
3586,51,50,0
3587,5,2,0
3588,7,6,0
3589,19,18,0
3590,5,2,0
3591,16,15,0
3592,5,2,0
3593,31,30,0
3594,4,2,0
3595,3,2,0
3596,8,7,0
3597,4,2,0
3598,18,17,0
3599,3,1,0
3600,3,1,0
3601,3,1,0
3602,4,2,0
3603,11,16,0
3604,8,10,0
3605,16,16,0
3606,4,5,0
3607,13,16,0
3608,5,5,0
3609,3,1,0
3610,4,4,0
3611,2,1,0
3612,2,2,0
3613,2,1,0
3614,2,2,0
3615,3,1,0
3616,3,1,0
3617,229,150,0
3618,629,441,0
3619,3,1,0
3620,5,2,0
3621,2,1,0
3622,5,2,0
3623,3,2,0
3624,5,2,0
3625,3,2,0
3626,5,2,0
3627,5,2,0
3628,3,2,0
3629,3,2,0
3630,3,2,0
3631,4,2,0
3632,3,2,0
3633,4,2,0
3634,3,2,0
3635,6,1,0
3636,3,2,0
3637,3,3,0
3638,2,1,0
3639,3,1,0
3640,3,2,0
3641,3,1,0
3642,3,2,0
3643,5,2,0
3644,4,2,0
3645,94,89,0
3646,5,2,0
3647,80,78,0
3648,3,1,0
3649,94,92,0
3650,482,482,0
3651,3,1,0
3652,3,1,0
3653,4,1,0
3654,3,2,0
3655,3,2,0
3656,3,2,0
3657,3,2,0
3658,2,1,0
3659,3,2,0
3660,2,1,0
3661,3,2,0
3662,2,1,0
3663,3,2,0
3664,2,1,0
3665,21,20,0
3666,2,1,0
3667,3,2,0
3668,2,1,0
3669,4,3,0
3670,2,1,0
3671,7,5,0
3672,2,1,0
3673,16,15,0
3674,2,1,0
3675,5,2,0
3676,3,2,0
3677,4,2,0
3678,3,2,0
3679,4,2,0
3680,4,2,0
3681,3,2,0
3682,5,2,0
3683,454,698,0
3684,4,2,0
3685,5,2,0
3686,5,2,0
3687,339,609,0
3688,637,1030,0
3689,3,1,0
3690,5,2,0
3691,39,38,0
3692,3,2,0
3693,79,2,0
3694,3,2,0
3695,95,94,0
3696,3,2,0
3697,92,91,0
3698,11,2,0
3699,3,2,0
3700,19,2,0
3701,3,1,0
3702,5,2,0
3703,2,2,0
3704,3,2,0
3705,3,2,0
3706,5,2,0
3707,2,2,0
3708,11,10,0
3709,3,1,0
3710,5,2,0
3711,30,28,0
3712,29,28,0
3713,30,29,0
3714,31,30,0
3715,3,1,0
3716,33,32,0
3717,28,27,0
3718,3,1,0
3719,3,1,0
3720,3,1,0
3721,5,2,0
3722,3,1,0
3723,2,2,0
3724,2,2,0
3725,3,1,0
3726,3,1,0
3727,3,1,0
3728,3,1,0
3729,2,2,0
3730,2,2,0
3731,3,1,0
3732,2,2,0
3733,2,2,0
3734,2,2,0
3735,2,2,0
3736,2,2,0
3737,2,2,0
3738,2,1,0
3739,453,453,0
3740,2,2,0
3741,2,1,0
3742,4,2,0
3743,5,2,0
3744,4,2,0
3745,5,2,0
3746,5,2,0
3747,722,572,0
3748,661,556,0
3749,663,281,0
3750,3,1,0
3751,2,1,0
3752,2,1,0
3753,56,56,0
3754,420,420,0
3755,2,1,0
3756,459,459,0
3757,2,1,0
3758,2,1,0
3759,2,1,0
3760,369,369,0
3761,42,42,0
3762,3,1,0
3763,32,31,0
3764,5,2,0
3765,3,2,0
3766,5,2,0
3767,2,1,0
3768,3,1,0
3769,2,1,0
3770,4,2,0
3771,2,1,0
3772,4,2,0
3773,2,1,0
3774,4,2,0
3775,2,1,0
3776,88,2,0
3777,2,1,0
3778,2,1,0
3779,3,2,0
3780,6,1,0
3781,3,1,0
3782,3,2,0
3783,3,2,0
3784,3,2,0
3785,4,2,0
3786,4,1,0
3787,2,1,0
3788,455,455,0
3789,2,1,0
3790,411,411,0
3791,2,1,0
3792,481,464,0
3793,2,1,0
3794,442,340,0
3795,3,1,0
3796,3,2,0
3797,3,2,0
3798,3,1,0
3799,3,2,0
3800,3,1,0
3801,3,1,0
3802,65,2,0
3803,3,1,0
3804,2,2,0
3805,2,2,0
3806,2,2,0
3807,2,2,0
3808,2,2,0
3809,2,2,0
3810,56,52,0
3811,3,1,0
3812,4,2,0
3813,410,410,0
3814,3,1,0
3815,352,343,0
3816,4,2,0
3817,417,393,0
3818,3,1,0
3819,409,373,0
3820,5,2,0
3821,438,430,0
3822,5,2,0
3823,400,351,0
3824,5,2,0
3825,524,389,0
3826,486,419,0
3827,7,2,0
3828,2,1,0
3829,3,1,0
3830,3,1,0
3831,7,2,0
3832,3,1,0
3833,5,6,0
3834,5,5,0
3835,5,2,0
3836,12,16,0
3837,3,1,0
3838,7,7,0
3839,15,16,0
3840,3,2,0
3841,3,2,0
3842,4,2,0
3843,11,14,0
3844,3,2,0
3845,3,2,0
3846,4,2,0
3847,15,16,0
3848,5,5,0
3849,3,1,0
3850,2,2,0
3851,3,2,0
3852,8,5,0
3853,4,2,0
3854,13,8,0
3855,5,2,0
3856,13,9,0
3857,9,4,0
3858,3,1,0
3859,25,25,0
3860,3,2,0
3861,4,2,0
3862,9,2,0
3863,3,1,0
3864,3,1,0
3865,31,30,0
3866,11,10,0
3867,3,1,0
3868,3,2,0
3869,3,2,0
3870,9,9,0
3871,22,2,0
3872,5,2,0
3873,9,9,0
3874,14,13,0
3875,46,2,0
3876,3,1,0
3877,3,1,0
3878,79,51,0
3879,24,21,0
3880,3,1,0
3881,611,1230,0
3882,4,2,0
3883,4,4,0
3884,5,5,0
3885,3,1,0
3886,3,3,0
3887,5,2,0
3888,14,16,0
3889,2,1,0
3890,4,4,0
3891,2,1,0
3892,15,16,0
3893,2,1,0
3894,2,2,0
3895,2,1,0
3896,3,3,0
3897,2,1,0
3898,2,2,0
3899,4,2,0
3900,4,1,0
3901,29,2,0
3902,4,2,0
3903,3,1,0
3904,2,2,0
3905,2,2,0
3906,2,2,0
3907,2,2,0
3908,5,1,0
3909,2,2,0
3910,3,2,0
3911,2,2,0
3912,3,1,0
3913,3,1,0
3914,444,406,0
3915,2,1,0
3916,380,380,0
3917,2,1,0
3918,2,1,0
3919,452,452,0
3920,457,457,0
3921,2,1,0
3922,357,357,0
3923,2,1,0
3924,2,1,0
3925,2,1,0
3926,442,442,0
3927,333,333,0
3928,75,75,0
3929,2,1,0
3930,402,356,0
3931,2,1,0
3932,2,1,0
3933,346,322,0
3934,100,98,0
3935,2,1,0
3936,2,1,0
3937,2,1,0
3938,4,2,0
3939,5,2,0
3940,13,13,0
3941,3,2,0
3942,16,18,0
3943,4,2,0
3944,13,12,0
3945,6,5,0
3946,3,2,0
3947,3,2,0
3948,5,2,0
3949,3,2,0
3950,3,1,0
3951,3,2,0
3952,3,2,0
3953,3,2,0
3954,3,2,0
3955,3,2,0
3956,4,2,0
3957,3,2,0
3958,3,2,0
3959,3,2,0
3960,3,2,0
3961,3,2,0
3962,4,2,0
3963,6,1,0
3964,5,2,0
3965,4,2,0
3966,4,1,0
3967,3,2,0
3968,4,2,0
3969,7,1,0
3970,3,1,0
3971,5,2,0
3972,4,2,0
3973,739,1198,0
3974,5,2,0
3975,834,1410,0
3976,2,1,0
3977,444,444,0
3978,2,1,0
3979,347,347,0
3980,2,1,0
3981,501,424,0
3982,3,2,0
3983,3,2,0
3984,4,2,0
3985,3,1,0
3986,6,1,0
3987,3,1,0
3988,5,1,0
3989,5,2,0
3990,3,2,0
3991,3,2,0
3992,3,2,0
3993,3,2,0
3994,3,2,0
3995,3,2,0
3996,3,2,0
3997,3,2,0
3998,3,2,0
3999,3,2,0
4000,3,1,0
4001,3,1,0
4002,3,1,0
4003,3006,3001,0
4004,3001,2998,0
4005,2928,2927,0
4006,3,1,0
4007,11,2,0
4008,1212,1211,0
4009,1604,1603,0
4010,3,1,0
4011,2241,2240,0
4012,1362,1359,0
4013,1973,1972,0
4014,3,2,0
4015,2,1,0
4016,327,327,0
4017,2,1,0
4018,424,327,0
4019,2,1,0
4020,505,427,0
4021,2,1,0
4022,2,1,0
4023,2,1,0
4024,2,1,0
4025,2,1,0
4026,2,1,0
4027,2,1,0
4028,483,401,0
4029,21,14,0
4030,444,375,0
4031,90,70,0
4032,30,24,0
4033,68,56,0
4034,453,412,0
4035,2,1,0
4036,2,2,0
4037,2,1,0
4038,3,1,0
4039,1392,1391,0
4040,5,2,0
4041,2,2,0
4042,4,2,0
4043,2,2,0
4044,2,2,0
4045,5,2,0
4046,2,2,0
4047,3,1,0
4048,3,1,0
4049,3,1,0
4050,3,2,0
4051,5,1,0
4052,5,2,0
4053,5,1,0
4054,7,1,0
4055,3,1,0
4056,4,2,0
4057,3,2,0
4058,10,16,0
4059,3,1,0
4060,5,2,0
4061,5,2,0
4062,5,2,0
4063,5,2,0
4064,5,2,0
4065,4,2,0
4066,12,16,0
4067,14,16,0
4068,14,16,0
4069,14,16,0
4070,3,1,0
4071,2,2,0
4072,5,2,0
4073,4,2,0
4074,34,2,0
4075,4,1,0
4076,3,2,0
4077,3,2,0
4078,3,2,0
4079,3,1,0
4080,3,2,0
4081,3,2,0
4082,3,2,0
4083,3,2,0
4084,5,2,0
4085,3,1,0
4086,4,2,0
4087,3,1,0
4088,3,1,0
4089,3,2,0
4090,6,1,0
4091,3,2,0
4092,3,2,0
4093,4,2,0
4094,3,2,0
4095,3,2,0
4096,3,2,0
4097,3,1,0
4098,5,2,0
4099,3,2,0
4100,3,2,0
4101,3,2,0
4102,3,1,0
4103,3,1,0
4104,3,2,0
4105,3,2,0
4106,3,2,0
4107,3,2,0
4108,3,1,0
4109,506,371,0
4110,402,390,0
4111,118,70,0
4112,4,2,0
4113,41,2,0
4114,5,1,0
4115,3,1,0
4116,4,2,0
4117,3,1,0
4118,2,2,0
4119,2,2,0
4120,2,2,0
4121,2,2,0
4122,2,2,0
4123,2,2,0
4124,3,1,0
4125,5,2,0
4126,2,2,0
4127,2,2,0
4128,3,1,0
4129,3,1,0
4130,2758,2757,0
4131,649,1050,0
4132,5,1,0
4133,5,2,0
4134,2,2,0
4135,3,2,0
4136,2,1,0
4137,3,2,0
4138,2,1,0
4139,369,369,0
4140,4,2,0
4141,3,2,0
4142,3,2,0
4143,4,2,0
4144,5,2,0
4145,5,2,0
4146,3,2,0
4147,3,2,0
4148,4,2,0
4149,3,1,0
4150,4,2,0
4151,3,1,0
4152,3,2,0
4153,2,1,0
4154,2,1,0
4155,2,2,0
4156,3,2,0
4157,3,2,0
4158,2,1,0
4159,3,2,0
4160,4,2,0
4161,21,20,0
4162,5,2,0
4163,22,20,0
4164,3,2,0
4165,7,2,0
4166,21,20,0
4167,21,20,0
4168,3,2,0
4169,4,2,0
4170,4,2,0
4171,3,2,0
4172,3,2,0
4173,3,2,0
